handle,layer,dxftype,shape_class,n_vertices,is_convex,convex_fill,area_in2,perim_in,circularity,bbox_w_in,bbox_h_in,mrr_w_in,mrr_h_in,current_label,proposed_label,changed,anomalies
1694,COLS,LWPOLYLINE,rect,4,True,1.0,792.0,124.0,0.6473,18.0,44.0,18.0,44.0,18x44,18x44,False,
1695,COLS,LWPOLYLINE,rect,4,True,1.0,648.0,108.0,0.6981,18.0,36.0,18.0,36.0,18x36,18x36,False,
1696,COLS,LWPOLYLINE,triangle,3,True,1.0,102.86,64.29,0.3127,8.97,28.88,7.35,28.0,7x28,tri7x28,True,n=3
1697,COLS,LWPOLYLINE,rect,4,True,1.0,384.0,80.0,0.754,27.86,22.84,16.0,24.0,16x24,16x24,False,
1698,COLS,LWPOLYLINE,rect,4,True,1.0,576.0,96.0,0.7854,24.0,24.0,24.0,24.0,24x24,24x24,False,
1699,COLS,LWPOLYLINE,rect,4,True,1.0,512.0,96.0,0.6981,35.44,25.41,16.0,32.0,16x32,16x32,False,
169C,COLS,LWPOLYLINE,rect,4,True,1.0,624.0,110.0,0.6481,42.07,27.65,16.0,39.0,16x39,16x39,False,
169D,COLS,LWPOLYLINE,rect,4,True,1.0,624.0,100.0,0.7841,32.32,31.06,24.0,26.0,24x26,24x26,False,
16A0,COLS,LWPOLYLINE,rect,4,True,1.0,784.0,112.0,0.7854,28.0,28.0,28.0,28.0,28x28,28x28,False,
16A1,COLS,LWPOLYLINE,rect,4,True,1.0,648.0,108.0,0.6981,18.0,36.0,18.0,36.0,18x36,18x36,False,
16A2,COLS,LWPOLYLINE,rect,4,True,1.0,784.0,112.0,0.7854,35.49,35.49,28.0,28.0,28x28,28x28,False,
16A7,COLS,LWPOLYLINE,rect,4,True,1.0,784.0,112.0,0.7854,28.0,28.0,28.0,28.0,28x28,28x28,False,
16A8,COLS,LWPOLYLINE,rect,4,True,1.0,784.0,112.0,0.7854,28.0,28.0,28.0,28.0,28x28,28x28,False,
16AD,COLS,LWPOLYLINE,rect,4,True,1.0,624.0,100.0,0.7841,32.32,31.06,24.0,26.0,24x26,24x26,False,
16AE,COLS,LWPOLYLINE,rect,4,True,1.0,784.0,112.0,0.7854,28.0,28.0,28.0,28.0,28x28,28x28,False,
16B1,COLS,LWPOLYLINE,rect,4,True,1.0,624.0,100.0,0.7841,24.0,26.0,24.0,26.0,24x26,24x26,False,
16C7,COLS,LWPOLYLINE,rect,4,True,1.0,576.0,96.0,0.7854,24.0,24.0,24.0,24.0,24x24,24x24,False,
16C8,COLS,LWPOLYLINE,rect,4,True,1.0,576.0,96.0,0.7854,24.0,24.0,24.0,24.0,24x24,24x24,False,
16C9,COLS,LWPOLYLINE,rect,4,True,1.0,720.0,122.0,0.6079,45.0,16.0,16.0,45.0,16x45,16x45,False,
16CA,COLS,LWPOLYLINE,rect,4,True,1.0,720.0,122.0,0.6079,45.0,16.0,16.0,45.0,16x45,16x45,False,
16CB,COLS,LWPOLYLINE,rect,4,True,1.0,720.0,122.0,0.6079,45.0,16.0,16.0,45.0,16x45,16x45,False,
16CC,COLS,LWPOLYLINE,rect,4,True,1.0,792.0,124.0,0.6473,44.0,18.0,18.0,44.0,18x44,18x44,False,
16CD,COLS,LWPOLYLINE,rect,4,True,1.0,624.0,100.0,0.7841,24.0,26.0,24.0,26.0,24x26,24x26,False,
16CE,COLS,LWPOLYLINE,rect,4,True,1.0,336.0,76.0,0.731,14.0,24.0,14.0,24.0,14x24,14x24,False,
16D1,COLS,LWPOLYLINE,hexagon,6,True,1.0,624.0,100.0,0.7841,32.32,31.06,24.0,26.0,24x26,hex24x26,True,n=6
16D6,COLS,LWPOLYLINE,rect,4,True,1.0,576.0,96.0,0.7854,24.0,24.0,24.0,24.0,24x24,24x24,False,
16D7,COLS,LWPOLYLINE,rect,4,True,1.0,648.0,108.0,0.6981,39.87,28.58,18.0,36.0,18x36,18x36,False,
16D8,COLS,LWPOLYLINE,rect,4,True,1.0,576.0,96.0,0.7854,24.0,24.0,24.0,24.0,24x24,24x24,False,
16D9,COLS,LWPOLYLINE,rect,4,True,1.0,720.0,122.0,0.6079,45.0,16.0,16.0,45.0,16x45,16x45,False,
16DA,COLS,LWPOLYLINE,rect,4,True,1.0,720.0,122.0,0.6079,45.0,16.0,16.0,45.0,16x45,16x45,False,
16DB,COLS,LWPOLYLINE,rect,4,True,1.0,720.0,122.0,0.6079,45.0,16.0,16.0,45.0,16x45,16x45,False,
16DC,COLS,LWPOLYLINE,rect,4,True,1.0,792.0,124.0,0.6473,44.0,18.0,18.0,44.0,18x44,18x44,False,
16DD,COLS,LWPOLYLINE,rect,4,True,1.0,624.0,100.0,0.7841,24.0,26.0,24.0,26.0,24x26,24x26,False,
16E5,COLS,LWPOLYLINE,rect,4,True,1.0,648.0,108.0,0.6981,39.87,28.58,18.0,36.0,18x36,18x36,False,
16E6,COLS,LWPOLYLINE,rect,4,True,1.0,648.0,108.0,0.6981,18.0,36.0,18.0,36.0,18x36,18x36,False,
16E8,COLS,LWPOLYLINE,rect,4,True,1.0,78.16,58.01,0.2918,3.01,26.0,3.01,26.0,3x26,3x26,False,
16EB,COLS,LWPOLYLINE,rect,4,True,1.0,336.0,74.0,0.7711,21.0,16.0,16.0,21.0,16x21,16x21,False,
16EC,COLS,LWPOLYLINE,rect,4,True,1.0,720.0,122.0,0.6079,45.0,16.0,16.0,45.0,16x45,16x45,False,
16ED,COLS,LWPOLYLINE,rect,4,True,1.0,720.0,122.0,0.6079,45.0,16.0,16.0,45.0,16x45,16x45,False,
16EE,COLS,LWPOLYLINE,rect,4,True,1.0,624.0,100.0,0.7841,24.0,26.0,24.0,26.0,24x26,24x26,False,
16EF,COLS,LWPOLYLINE,rect,4,True,1.0,720.0,122.0,0.6079,45.0,16.0,16.0,45.0,16x45,16x45,False,
16F0,COLS,LWPOLYLINE,rect,4,True,1.0,320.0,72.0,0.7757,20.0,16.0,16.0,20.0,16x20,16x20,False,
16F1,COLS,LWPOLYLINE,rect,4,True,1.0,489.89,93.47,0.7046,32.82,25.41,16.0,32.0,16x32,16x32,False,
16F2,COLS,LWPOLYLINE,rect,4,True,1.0,720.0,122.0,0.6079,45.0,16.0,16.0,45.0,16x45,16x45,False,
16F3,COLS,LWPOLYLINE,rect,4,True,1.0,720.0,122.0,0.6079,45.0,16.0,16.0,45.0,16x45,16x45,False,
16F4,COLS,LWPOLYLINE,rect,4,True,1.0,720.0,122.0,0.6079,45.0,16.0,16.0,45.0,16x45,16x45,False,
16F5,COLS,LWPOLYLINE,rect,4,True,1.0,720.0,122.0,0.6079,45.0,16.0,16.0,45.0,16x45,16x45,False,
16F6,COLS,LWPOLYLINE,rect,4,True,1.0,320.0,72.0,0.7757,20.0,16.0,16.0,20.0,16x20,16x20,False,
16F7,COLS,LWPOLYLINE,rect,4,True,1.0,624.0,100.0,0.7841,24.0,26.0,24.0,26.0,24x26,24x26,False,
1700,COLS,LWPOLYLINE,rect,4,True,1.0,320.0,72.0,0.7757,20.0,16.0,16.0,20.0,16x20,16x20,False,
1701,COLS,LWPOLYLINE,rect,4,True,1.0,624.0,100.0,0.7841,24.0,26.0,24.0,26.0,24x26,24x26,False,
1702,COLS,LWPOLYLINE,rect,4,True,1.0,336.0,74.0,0.7711,25.02,21.88,16.0,21.0,16x21,16x21,False,
1703,COLS,LWPOLYLINE,rect,4,True,1.0,630.0,102.0,0.7609,29.5,35.15,21.0,30.0,21x30,21x30,False,
1704,COLS,LWPOLYLINE,rect,4,True,1.0,630.0,102.0,0.7609,29.5,35.15,21.0,30.0,21x30,21x30,False,
1705,COLS,LWPOLYLINE,rect,4,True,1.0,630.0,102.0,0.7609,30.0,21.0,21.0,30.0,21x30,21x30,False,
1706,COLS,LWPOLYLINE,rect,4,True,1.0,336.0,74.0,0.7711,21.0,16.0,16.0,21.0,16x21,16x21,False,
1707,COLS,LWPOLYLINE,rect,4,True,1.0,630.0,102.0,0.7609,30.0,21.0,21.0,30.0,21x30,21x30,False,
1708,COLS,LWPOLYLINE,rect,4,True,1.0,720.0,116.0,0.6724,40.0,18.0,18.0,40.0,18x40,18x40,False,
1739,COLS,LWPOLYLINE,rect,4,True,1.0,512.0,96.0,0.6981,35.44,25.41,16.0,32.0,16x32,16x32,False,
173A,COLS,LWPOLYLINE,rect,4,True,1.0,624.0,110.0,0.6481,42.07,27.65,16.0,39.0,16x39,16x39,False,
173B,COLS,LWPOLYLINE,rect,4,True,1.0,624.0,100.0,0.7841,26.0,24.0,24.0,26.0,24x26,24x26,False,
173C,COLS,LWPOLYLINE,rect,4,True,1.0,576.0,96.0,0.7854,24.0,24.0,24.0,24.0,24x24,24x24,False,
173F,COLS,LWPOLYLINE,rect,4,True,1.0,576.0,96.0,0.7854,30.42,30.42,24.0,24.0,24x24,24x24,False,
1742,COLS,LWPOLYLINE,rect,4,True,1.0,624.0,100.0,0.7841,32.32,31.06,24.0,26.0,24x26,24x26,False,
1743,COLS,LWPOLYLINE,rect,4,True,1.0,528.0,92.0,0.7839,24.0,22.0,22.0,24.0,22x24,22x24,False,
1744,COLS,LWPOLYLINE,rect,4,True,1.0,720.0,122.0,0.6079,29.57,47.75,16.0,45.0,16x45,16x45,False,
1745,COLS,LWPOLYLINE,rect,4,True,1.0,540.0,96.0,0.7363,26.66,34.18,18.0,30.0,18x30,18x30,False,
1746,COLS,LWPOLYLINE,rect,4,True,1.0,864.0,120.0,0.754,34.27,41.79,24.0,36.0,24x36,24x36,False,
174B,COLS,LWPOLYLINE,rect,4,True,1.0,540.0,96.0,0.7363,26.66,34.18,18.0,30.0,18x30,18x30,False,
174C,COLS,LWPOLYLINE,rect,4,True,1.0,540.0,96.0,0.7363,26.66,34.18,18.0,30.0,18x30,18x30,False,
174D,COLS,LWPOLYLINE,circle,38,True,1.0,800.56,100.42,0.9977,31.97,32.0,31.9,31.95,d32,d32,False,
174E,COLS,LWPOLYLINE,rect,4,True,1.0,720.0,122.0,0.6079,47.75,29.57,16.0,45.0,16x45,16x45,False,
174F,COLS,LWPOLYLINE,rect,4,True,1.0,720.0,122.0,0.6079,47.75,29.57,16.0,45.0,16x45,16x45,False,
1750,COLS,LWPOLYLINE,rect,4,True,1.0,720.0,122.0,0.6079,29.57,47.75,16.0,45.0,16x45,16x45,False,
1751,COLS,LWPOLYLINE,rect,4,True,1.0,528.0,92.0,0.7839,24.0,22.0,22.0,24.0,22x24,22x24,False,
1752,COLS,LWPOLYLINE,rect,4,True,1.0,540.0,96.0,0.7363,26.66,34.18,18.0,30.0,18x30,18x30,False,
1753,COLS,LWPOLYLINE,rect,4,True,1.0,720.0,122.0,0.6079,29.57,47.75,16.0,45.0,16x45,16x45,False,
1754,COLS,LWPOLYLINE,rect,4,True,1.0,720.0,122.0,0.6079,47.75,29.57,16.0,45.0,16x45,16x45,False,
1755,COLS,LWPOLYLINE,rect,4,True,1.0,720.0,122.0,0.6079,29.57,47.75,16.0,45.0,16x45,16x45,False,
1756,COLS,LWPOLYLINE,rect,4,True,1.0,720.0,122.0,0.6079,47.75,29.57,16.0,45.0,16x45,16x45,False,
1760,COLS,LWPOLYLINE,rect,4,True,1.0,384.0,80.0,0.754,24.0,16.0,16.0,24.0,16x24,16x24,False,
1761,COLS,LWPOLYLINE,rect,4,True,1.0,512.0,96.0,0.6981,25.41,35.44,16.0,32.0,16x32,16x32,False,
1762,COLS,LWPOLYLINE,pentagon,5,True,1.0,287.52,71.96,0.6977,26.57,19.04,11.98,24.0,12x24,pent12x24,True,n=5
1768,COLS,LWPOLYLINE,rect,4,True,1.0,384.0,80.0,0.754,22.84,27.86,16.0,24.0,16x24,16x24,False,
176B,COLS,LWPOLYLINE,rect,4,True,1.0,648.0,108.0,0.6981,36.0,18.0,18.0,36.0,18x36,18x36,False,
176C,COLS,LWPOLYLINE,rect,4,True,1.0,648.0,108.0,0.6981,36.0,18.0,18.0,36.0,18x36,18x36,False,
176D,COLS,LWPOLYLINE,rect,4,True,1.0,648.0,108.0,0.6981,36.0,18.0,18.0,36.0,18x36,18x36,False,
176E,COLS,LWPOLYLINE,rect,4,True,1.0,648.0,108.0,0.6981,36.0,18.0,18.0,36.0,18x36,18x36,False,
176F,COLS,LWPOLYLINE,rect,4,True,1.0,648.0,108.0,0.6981,36.0,18.0,18.0,36.0,18x36,18x36,False,
1770,COLS,LWPOLYLINE,rect,4,True,1.0,336.0,76.0,0.731,20.95,27.22,14.0,24.0,14x24,14x24,False,
1771,COLS,LWPOLYLINE,rect,4,True,1.0,576.0,96.0,0.7854,24.0,24.0,24.0,24.0,24x24,24x24,False,
1772,COLS,LWPOLYLINE,rect,4,True,1.0,512.0,96.0,0.6981,35.44,25.41,16.0,32.0,16x32,16x32,False,
1773,COLS,LWPOLYLINE,rect,4,True,1.0,816.0,116.0,0.7621,39.9,33.62,24.0,34.0,24x34,24x34,False,
1774,COLS,LWPOLYLINE,rect,4,True,1.0,630.0,102.0,0.7609,29.5,35.15,21.0,30.0,21x30,21x30,False,
1775,COLS,LWPOLYLINE,rect,4,True,1.0,784.0,112.0,0.7854,35.49,35.49,28.0,28.0,28x28,28x28,False,
1776,COLS,LWPOLYLINE,rect,4,True,1.0,784.0,112.0,0.7854,28.0,28.0,28.0,28.0,28x28,28x28,False,
1777,COLS,LWPOLYLINE,rect,4,True,1.0,784.0,112.0,0.7854,35.49,35.49,28.0,28.0,28x28,28x28,False,
1778,COLS,LWPOLYLINE,rect,4,True,1.0,784.0,112.0,0.7854,28.0,28.0,28.0,28.0,28x28,28x28,False,
1779,COLS,LWPOLYLINE,rect,4,True,1.0,784.0,112.0,0.7854,35.49,35.49,28.0,28.0,28x28,28x28,False,
177A,COLS,LWPOLYLINE,rect,4,True,1.0,624.0,110.0,0.6481,42.07,27.65,16.0,39.0,16x39,16x39,False,
177B,COLS,LWPOLYLINE,rect,4,True,1.0,624.0,100.0,0.7841,32.32,31.06,24.0,26.0,24x26,24x26,False,
177C,COLS,LWPOLYLINE,rect,4,True,1.0,784.0,112.0,0.7854,28.0,28.0,28.0,28.0,28x28,28x28,False,
177D,COLS,LWPOLYLINE,rect,4,True,1.0,784.0,112.0,0.7854,28.0,28.0,28.0,28.0,28x28,28x28,False,
177E,COLS,LWPOLYLINE,rect,4,True,1.0,648.0,108.0,0.6981,18.0,36.0,18.0,36.0,18x36,18x36,False,
177F,COLS,LWPOLYLINE,rect,4,True,1.0,648.0,108.0,0.6981,18.0,36.0,18.0,36.0,18x36,18x36,False,
1780,COLS,LWPOLYLINE,rect,4,True,1.0,648.0,108.0,0.6981,18.0,36.0,18.0,36.0,18x36,18x36,False,
1781,COLS,LWPOLYLINE,rect,4,True,1.0,624.0,100.0,0.7841,24.0,26.0,24.0,26.0,24x26,24x26,False,
1782,COLS,LWPOLYLINE,rect,4,True,1.0,784.0,112.0,0.7854,28.0,28.0,28.0,28.0,28x28,28x28,False,
1783,COLS,LWPOLYLINE,rect,4,True,1.0,784.0,112.0,0.7854,28.0,28.0,28.0,28.0,28x28,28x28,False,
1784,COLS,LWPOLYLINE,rect,4,True,1.0,720.0,116.0,0.6724,18.0,40.0,18.0,40.0,18x40,18x40,False,
1785,COLS,LWPOLYLINE,rect,4,True,1.0,720.0,116.0,0.6724,18.0,40.0,18.0,40.0,18x40,18x40,False,
1786,COLS,LWPOLYLINE,rect,4,True,1.0,720.0,116.0,0.6724,18.0,40.0,18.0,40.0,18x40,18x40,False,
1787,COLS,LWPOLYLINE,rect,4,True,1.0,784.0,112.0,0.7854,28.0,28.0,28.0,28.0,28x28,28x28,False,
1788,COLS,LWPOLYLINE,rect,4,True,1.0,720.0,116.0,0.6724,18.0,40.0,18.0,40.0,18x40,18x40,False,
1789,COLS,LWPOLYLINE,rect,4,True,1.0,720.0,116.0,0.6724,18.0,40.0,18.0,40.0,18x40,18x40,False,
178A,COLS,LWPOLYLINE,rect,4,True,1.0,784.0,112.0,0.7854,28.0,28.0,28.0,28.0,28x28,28x28,False,
178B,COLS,LWPOLYLINE,rect,4,True,1.0,784.0,112.0,0.7854,28.0,28.0,28.0,28.0,28x28,28x28,False,
178C,COLS,LWPOLYLINE,rect,4,True,1.0,784.0,112.0,0.7854,35.49,35.49,28.0,28.0,28x28,28x28,False,
178D,COLS,LWPOLYLINE,rect,4,True,1.0,576.0,96.0,0.7854,24.0,24.0,24.0,24.0,24x24,24x24,False,
178E,COLS,LWPOLYLINE,rect,4,True,1.0,784.0,112.0,0.7854,28.0,28.0,28.0,28.0,28x28,28x28,False,
178F,COLS,LWPOLYLINE,rect,4,True,1.0,336.0,76.0,0.731,14.0,24.0,14.0,24.0,14x24,14x24,False,
1790,COLS,LWPOLYLINE,rect,4,True,1.0,1008.0,128.0,0.7731,36.0,28.0,28.0,36.0,28x36,28x36,False,
1791,COLS,LWPOLYLINE,rect,4,True,1.0,784.0,112.0,0.7854,28.0,28.0,28.0,28.0,28x28,28x28,False,
1792,COLS,LWPOLYLINE,rect,4,True,1.0,784.0,112.0,0.7854,35.5,35.5,28.0,28.0,28x28,28x28,False,
1793,COLS,LWPOLYLINE,rect,4,True,1.0,648.0,108.0,0.6981,36.0,18.0,18.0,36.0,18x36,18x36,False,
1794,COLS,LWPOLYLINE,rect,4,True,1.0,648.0,108.0,0.6981,36.0,18.0,18.0,36.0,18x36,18x36,False,
1795,COLS,LWPOLYLINE,rect,4,True,1.0,648.0,108.0,0.6981,36.0,18.0,18.0,36.0,18x36,18x36,False,
1796,COLS,LWPOLYLINE,rect,4,True,1.0,648.0,108.0,0.6981,36.0,18.0,18.0,36.0,18x36,18x36,False,
1797,COLS,LWPOLYLINE,rect,4,True,1.0,648.0,108.0,0.6981,36.0,18.0,18.0,36.0,18x36,18x36,False,
1798,COLS,LWPOLYLINE,rect,4,True,1.0,336.0,76.0,0.731,20.95,27.22,14.0,24.0,14x24,14x24,False,
1799,COLS,LWPOLYLINE,rect,4,True,1.0,816.0,116.0,0.7621,39.9,33.62,24.0,34.0,24x34,24x34,False,
179A,COLS,LWPOLYLINE,rect,4,True,1.0,630.0,102.0,0.7609,29.5,35.15,21.0,30.0,21x30,21x30,False,
179B,COLS,LWPOLYLINE,rect,4,True,1.0,784.0,112.0,0.7854,35.49,35.49,28.0,28.0,28x28,28x28,False,
179C,COLS,LWPOLYLINE,rect,4,True,1.0,336.0,76.0,0.731,27.22,20.95,14.0,24.0,14x24,14x24,False,
179D,COLS,LWPOLYLINE,rect,4,True,1.0,630.0,102.0,0.7609,29.5,35.15,21.0,30.0,21x30,21x30,False,
179E,COLS,LWPOLYLINE,rect,4,True,1.0,624.0,100.0,0.7841,24.0,26.0,24.0,26.0,24x26,24x26,False,
179F,COLS,LWPOLYLINE,rect,4,True,1.0,784.0,112.0,0.7854,35.49,35.49,28.0,28.0,28x28,28x28,False,
17A0,COLS,LWPOLYLINE,rect,4,True,1.0,648.0,108.0,0.6981,18.0,36.0,18.0,36.0,18x36,18x36,False,
17A1,COLS,LWPOLYLINE,rect,4,True,1.0,648.0,108.0,0.6981,18.0,36.0,18.0,36.0,18x36,18x36,False,
17A2,COLS,LWPOLYLINE,rect,4,True,1.0,648.0,108.0,0.6981,18.0,36.0,18.0,36.0,18x36,18x36,False,
17A3,COLS,LWPOLYLINE,rect,4,True,1.0,624.0,100.0,0.7841,24.0,26.0,24.0,26.0,24x26,24x26,False,
17A4,COLS,LWPOLYLINE,rect,4,True,1.0,336.0,76.0,0.731,24.0,14.0,14.0,24.0,14x24,14x24,False,
17A5,COLS,LWPOLYLINE,rect,4,True,1.0,784.0,112.0,0.7854,28.0,28.0,28.0,28.0,28x28,28x28,False,
17A6,COLS,LWPOLYLINE,rect,4,True,1.0,576.0,96.0,0.7854,24.0,24.0,24.0,24.0,24x24,24x24,False,
17A7,COLS,LWPOLYLINE,rect,4,True,1.0,336.0,76.0,0.731,14.0,24.0,14.0,24.0,14x24,14x24,False,
17A8,COLS,LWPOLYLINE,rect,4,True,1.0,624.0,110.0,0.6481,42.07,27.65,16.0,39.0,16x39,16x39,False,
17A9,COLS,LWPOLYLINE,rect,4,True,1.0,816.0,116.0,0.7621,39.9,33.62,24.0,34.0,24x34,24x34,False,
17AA,COLS,LWPOLYLINE,rect,4,True,1.0,720.0,108.0,0.7757,36.11,32.34,24.0,30.0,24x30,24x30,False,
17AB,COLS,LWPOLYLINE,rect,4,True,1.0,648.0,108.0,0.6981,39.87,28.58,18.0,36.0,18x36,18x36,False,
17AC,COLS,LWPOLYLINE,rect,4,True,1.0,336.0,76.0,0.731,27.22,20.95,14.0,24.0,14x24,14x24,False,
17AD,COLS,LWPOLYLINE,rect,4,True,1.0,630.0,102.0,0.7609,29.5,35.15,21.0,30.0,21x30,21x30,False,
17AE,COLS,LWPOLYLINE,rect,4,True,1.0,624.0,100.0,0.7841,31.06,32.32,24.0,26.0,24x26,24x26,False,
17AF,COLS,LWPOLYLINE,rect,4,True,1.0,336.0,76.0,0.731,27.22,20.95,14.0,24.0,14x24,14x24,False,
17B0,COLS,LWPOLYLINE,rect,4,True,1.0,630.0,102.0,0.7609,29.5,35.15,21.0,30.0,21x30,21x30,False,
17B1,COLS,LWPOLYLINE,rect,4,True,1.0,624.0,100.0,0.7841,24.0,26.0,24.0,26.0,24x26,24x26,False,
17B2,COLS,LWPOLYLINE,rect,4,True,1.0,336.0,76.0,0.731,27.22,20.95,14.0,24.0,14x24,14x24,False,
17B3,COLS,LWPOLYLINE,rect,4,True,1.0,784.0,112.0,0.7854,28.0,28.0,28.0,28.0,28x28,28x28,False,
17B4,COLS,LWPOLYLINE,rect,4,True,1.0,648.0,108.0,0.6981,18.0,36.0,18.0,36.0,18x36,18x36,False,
17B5,COLS,LWPOLYLINE,rect,4,True,1.0,648.0,108.0,0.6981,18.0,36.0,18.0,36.0,18x36,18x36,False,
17B6,COLS,LWPOLYLINE,rect,4,True,1.0,648.0,108.0,0.6981,18.0,36.0,18.0,36.0,18x36,18x36,False,
17B7,COLS,LWPOLYLINE,rect,4,True,1.0,648.0,108.0,0.6981,18.0,36.0,18.0,36.0,18x36,18x36,False,
17B8,COLS,LWPOLYLINE,rect,4,True,1.0,630.0,102.0,0.7609,30.0,21.0,21.0,30.0,21x30,21x30,False,
17B9,COLS,LWPOLYLINE,rect,4,True,1.0,624.0,100.0,0.7841,24.0,26.0,24.0,26.0,24x26,24x26,False,
17BA,COLS,LWPOLYLINE,rect,4,True,1.0,784.0,112.0,0.7854,28.0,28.0,28.0,28.0,28x28,28x28,False,
17BB,COLS,LWPOLYLINE,rect,4,True,1.0,336.0,76.0,0.731,24.0,14.0,14.0,24.0,14x24,14x24,False,
17BC,COLS,LWPOLYLINE,rect,4,True,1.0,336.0,76.0,0.731,24.0,14.0,14.0,24.0,14x24,14x24,False,
17BD,COLS,LWPOLYLINE,rect,4,True,1.0,720.0,108.0,0.7757,24.0,30.0,24.0,30.0,24x30,24x30,False,
17BE,COLS,LWPOLYLINE,rect,4,True,1.0,784.0,112.0,0.7854,28.0,28.0,28.0,28.0,28x28,28x28,False,
17BF,COLS,LWPOLYLINE,rect,4,True,1.0,784.0,112.0,0.7854,28.0,28.0,28.0,28.0,28x28,28x28,False,
17C0,COLS,LWPOLYLINE,rect,4,True,1.0,784.0,112.0,0.7854,28.0,28.0,28.0,28.0,28x28,28x28,False,
17C1,COLS,LWPOLYLINE,rect,4,True,1.0,336.0,76.0,0.731,24.0,14.0,14.0,24.0,14x24,14x24,False,
17C2,COLS,LWPOLYLINE,rect,4,True,1.0,720.0,108.0,0.7757,24.0,30.0,24.0,30.0,24x30,24x30,False,
17C3,COLS,LWPOLYLINE,rect,4,True,1.0,624.0,100.0,0.7841,32.32,31.06,24.0,26.0,24x26,24x26,False,
17C4,COLS,LWPOLYLINE,rect,4,True,1.0,784.0,112.0,0.7854,28.0,28.0,28.0,28.0,28x28,28x28,False,
17C5,COLS,LWPOLYLINE,rect,4,True,1.0,576.0,96.0,0.7854,24.0,24.0,24.0,24.0,24x24,24x24,False,
17C6,COLS,LWPOLYLINE,rect,4,True,1.0,648.0,108.0,0.6981,36.0,18.0,18.0,36.0,18x36,18x36,False,
17C7,COLS,LWPOLYLINE,rect,4,True,1.0,336.0,76.0,0.731,20.95,27.22,14.0,24.0,14x24,14x24,False,
17C8,COLS,LWPOLYLINE,rect,4,True,1.0,336.0,76.0,0.731,24.0,14.0,14.0,24.0,14x24,14x24,False,
17C9,COLS,LWPOLYLINE,rect,4,True,1.0,624.0,100.0,0.7841,24.0,26.0,24.0,26.0,24x26,24x26,False,
17CA,COLS,LWPOLYLINE,rect,4,True,1.0,648.0,108.0,0.6981,39.87,28.58,18.0,36.0,18x36,18x36,False,
17CB,COLS,LWPOLYLINE,rect,4,True,1.0,648.0,108.0,0.6981,36.0,18.0,18.0,36.0,18x36,18x36,False,
17CC,COLS,LWPOLYLINE,rect,4,True,1.0,648.0,108.0,0.6981,36.0,18.0,18.0,36.0,18x36,18x36,False,
17CD,COLS,LWPOLYLINE,rect,4,True,1.0,648.0,108.0,0.6981,36.0,18.0,18.0,36.0,18x36,18x36,False,
17CE,COLS,LWPOLYLINE,rect,4,True,1.0,648.0,108.0,0.6981,36.0,18.0,18.0,36.0,18x36,18x36,False,
17CF,COLS,LWPOLYLINE,rect,4,True,1.0,648.0,108.0,0.6981,36.0,18.0,18.0,36.0,18x36,18x36,False,
17D0,COLS,LWPOLYLINE,rect,4,True,1.0,336.0,76.0,0.731,20.95,27.22,14.0,24.0,14x24,14x24,False,
17D1,COLS,LWPOLYLINE,rect,4,True,1.0,624.0,110.0,0.6481,42.07,27.65,16.0,39.0,16x39,16x39,False,
17D2,COLS,LWPOLYLINE,rect,4,True,1.0,784.0,112.0,0.7854,35.49,35.49,28.0,28.0,28x28,28x28,False,
17D3,COLS,LWPOLYLINE,rect,4,True,1.0,624.0,110.0,0.6481,42.07,27.65,16.0,39.0,16x39,16x39,False,
17D4,COLS,LWPOLYLINE,rect,4,True,1.0,816.0,116.0,0.7621,39.9,33.62,24.0,34.0,24x34,24x34,False,
17D5,COLS,LWPOLYLINE,rect,4,True,1.0,720.0,108.0,0.7757,36.11,32.34,24.0,30.0,24x30,24x30,False,
17D6,COLS,LWPOLYLINE,rect,4,True,1.0,336.0,76.0,0.731,27.22,20.95,14.0,24.0,14x24,14x24,False,
17D7,COLS,LWPOLYLINE,rect,4,True,1.0,630.0,102.0,0.7609,29.5,35.15,21.0,30.0,21x30,21x30,False,
17D8,COLS,LWPOLYLINE,rect,4,True,1.0,624.0,100.0,0.7841,31.06,32.32,24.0,26.0,24x26,24x26,False,
17D9,COLS,LWPOLYLINE,rect,4,True,1.0,336.0,76.0,0.731,27.22,20.95,14.0,24.0,14x24,14x24,False,
17DA,COLS,LWPOLYLINE,rect,4,True,1.0,630.0,102.0,0.7609,29.5,35.15,21.0,30.0,21x30,21x30,False,
17DB,COLS,LWPOLYLINE,rect,4,True,1.0,624.0,100.0,0.7841,24.0,26.0,24.0,26.0,24x26,24x26,False,
17DC,COLS,LWPOLYLINE,rect,4,True,1.0,624.0,110.0,0.6481,42.07,27.65,16.0,39.0,16x39,16x39,False,
17DD,COLS,LWPOLYLINE,rect,4,True,1.0,336.0,76.0,0.731,27.22,20.95,14.0,24.0,14x24,14x24,False,
17DE,COLS,LWPOLYLINE,rect,4,True,1.0,784.0,112.0,0.7854,28.0,28.0,28.0,28.0,28x28,28x28,False,
17DF,COLS,LWPOLYLINE,rect,4,True,1.0,648.0,108.0,0.6981,18.0,36.0,18.0,36.0,18x36,18x36,False,
17E0,COLS,LWPOLYLINE,rect,4,True,1.0,648.0,108.0,0.6981,18.0,36.0,18.0,36.0,18x36,18x36,False,
17E1,COLS,LWPOLYLINE,rect,4,True,1.0,648.0,108.0,0.6981,18.0,36.0,18.0,36.0,18x36,18x36,False,
17E2,COLS,LWPOLYLINE,rect,4,True,1.0,630.0,102.0,0.7609,30.0,21.0,21.0,30.0,21x30,21x30,False,
17E3,COLS,LWPOLYLINE,rect,4,True,1.0,624.0,100.0,0.7841,24.0,26.0,24.0,26.0,24x26,24x26,False,
17E4,COLS,LWPOLYLINE,rect,4,True,1.0,784.0,112.0,0.7854,28.0,28.0,28.0,28.0,28x28,28x28,False,
17E5,COLS,LWPOLYLINE,rect,4,True,1.0,336.0,76.0,0.731,24.0,14.0,14.0,24.0,14x24,14x24,False,
17E6,COLS,LWPOLYLINE,rect,4,True,1.0,336.0,76.0,0.731,24.0,14.0,14.0,24.0,14x24,14x24,False,
17E7,COLS,LWPOLYLINE,rect,4,True,1.0,720.0,108.0,0.7757,24.0,30.0,24.0,30.0,24x30,24x30,False,
17E8,COLS,LWPOLYLINE,rect,4,True,1.0,784.0,112.0,0.7854,28.0,28.0,28.0,28.0,28x28,28x28,False,
17E9,COLS,LWPOLYLINE,rect,4,True,1.0,784.0,112.0,0.7854,28.0,28.0,28.0,28.0,28x28,28x28,False,
17EA,COLS,LWPOLYLINE,rect,4,True,1.0,784.0,112.0,0.7854,28.0,28.0,28.0,28.0,28x28,28x28,False,
17EB,COLS,LWPOLYLINE,rect,4,True,1.0,336.0,76.0,0.731,24.0,14.0,14.0,24.0,14x24,14x24,False,
17EC,COLS,LWPOLYLINE,rect,4,True,1.0,720.0,108.0,0.7757,24.0,30.0,24.0,30.0,24x30,24x30,False,
17ED,COLS,LWPOLYLINE,rect,4,True,1.0,624.0,100.0,0.7841,32.32,31.06,24.0,26.0,24x26,24x26,False,
17EE,COLS,LWPOLYLINE,rect,4,True,1.0,784.0,112.0,0.7854,28.0,28.0,28.0,28.0,28x28,28x28,False,
17EF,COLS,LWPOLYLINE,rect,4,True,1.0,576.0,96.0,0.7854,24.0,24.0,24.0,24.0,24x24,24x24,False,
17F0,COLS,LWPOLYLINE,rect,4,True,1.0,648.0,108.0,0.6981,36.0,18.0,18.0,36.0,18x36,18x36,False,
17F1,COLS,LWPOLYLINE,rect,4,True,1.0,336.0,76.0,0.731,14.0,24.0,14.0,24.0,14x24,14x24,False,
17F2,COLS,LWPOLYLINE,rect,4,True,1.0,336.0,76.0,0.731,20.95,27.22,14.0,24.0,14x24,14x24,False,
17F3,COLS,LWPOLYLINE,rect,4,True,1.0,336.0,76.0,0.731,24.0,14.0,14.0,24.0,14x24,14x24,False,
17F4,COLS,LWPOLYLINE,rect,4,True,1.0,624.0,100.0,0.7841,24.0,26.0,24.0,26.0,24x26,24x26,False,
17F5,COLS,LWPOLYLINE,rect,4,True,1.0,648.0,108.0,0.6981,36.0,18.0,18.0,36.0,18x36,18x36,False,
17F6,COLS,LWPOLYLINE,rect,4,True,1.0,648.0,108.0,0.6981,36.0,18.0,18.0,36.0,18x36,18x36,False,
17F7,COLS,LWPOLYLINE,rect,4,True,1.0,648.0,108.0,0.6981,36.0,18.0,18.0,36.0,18x36,18x36,False,
17F8,COLS,LWPOLYLINE,rect,4,True,1.0,648.0,108.0,0.6981,36.0,18.0,18.0,36.0,18x36,18x36,False,
17F9,COLS,LWPOLYLINE,rect,4,True,1.0,648.0,108.0,0.6981,36.0,18.0,18.0,36.0,18x36,18x36,False,
17FA,COLS,LWPOLYLINE,rect,4,True,1.0,336.0,76.0,0.731,20.95,27.22,14.0,24.0,14x24,14x24,False,
17FB,COLS,LWPOLYLINE,rect,4,True,1.0,784.0,112.0,0.7854,35.49,35.49,28.0,28.0,28x28,28x28,False,
17FC,COLS,LWPOLYLINE,rect,4,True,1.0,336.0,76.0,0.731,27.22,20.95,14.0,24.0,14x24,14x24,False,
17FD,COLS,LWPOLYLINE,rect,4,True,1.0,336.0,76.0,0.731,27.22,20.95,14.0,24.0,14x24,14x24,False,
17FE,COLS,LWPOLYLINE,rect,4,True,1.0,336.0,76.0,0.731,27.22,20.95,14.0,24.0,14x24,14x24,False,
17FF,COLS,LWPOLYLINE,rect,4,True,1.0,336.0,76.0,0.731,24.0,14.0,14.0,24.0,14x24,14x24,False,
1800,COLS,LWPOLYLINE,rect,4,True,1.0,336.0,76.0,0.731,24.0,14.0,14.0,24.0,14x24,14x24,False,
1801,COLS,LWPOLYLINE,rect,4,True,1.0,336.0,76.0,0.731,24.0,14.0,14.0,24.0,14x24,14x24,False,
1802,COLS,LWPOLYLINE,rect,4,True,1.0,336.0,76.0,0.731,14.0,24.0,14.0,24.0,14x24,14x24,False,
1803,COLS,LWPOLYLINE,rect,4,True,1.0,336.0,76.0,0.731,20.95,27.22,14.0,24.0,14x24,14x24,False,
1804,COLS,LWPOLYLINE,rect,4,True,1.0,648.0,108.0,0.6981,36.0,18.0,18.0,36.0,18x36,18x36,False,
1805,COLS,LWPOLYLINE,rect,4,True,1.0,648.0,108.0,0.6981,36.0,18.0,18.0,36.0,18x36,18x36,False,
1806,COLS,LWPOLYLINE,rect,4,True,1.0,648.0,108.0,0.6981,36.0,18.0,18.0,36.0,18x36,18x36,False,
1807,COLS,LWPOLYLINE,rect,4,True,1.0,648.0,108.0,0.6981,36.0,18.0,18.0,36.0,18x36,18x36,False,
1808,COLS,LWPOLYLINE,rect,4,True,1.0,648.0,108.0,0.6981,36.0,18.0,18.0,36.0,18x36,18x36,False,
1809,COLS,LWPOLYLINE,rect,4,True,1.0,624.0,110.0,0.6481,42.07,27.65,16.0,39.0,16x39,16x39,False,
180A,COLS,LWPOLYLINE,rect,4,True,1.0,816.0,116.0,0.7621,39.9,33.62,24.0,34.0,24x34,24x34,False,
180B,COLS,LWPOLYLINE,rect,4,True,1.0,720.0,108.0,0.7757,32.34,36.11,24.0,30.0,24x30,24x30,False,
180C,COLS,LWPOLYLINE,rect,4,True,1.0,336.0,74.0,0.7711,25.02,21.88,16.0,21.0,16x21,16x21,False,
180D,COLS,LWPOLYLINE,rect,4,True,1.0,630.0,102.0,0.7609,29.5,35.15,21.0,30.0,21x30,21x30,False,
180E,COLS,LWPOLYLINE,rect,4,True,1.0,624.0,100.0,0.7841,31.06,32.32,24.0,26.0,24x26,24x26,False,
180F,COLS,LWPOLYLINE,rect,4,True,1.0,630.0,102.0,0.7609,29.5,35.15,21.0,30.0,21x30,21x30,False,
1810,COLS,LWPOLYLINE,rect,4,True,1.0,624.0,100.0,0.7841,24.0,26.0,24.0,26.0,24x26,24x26,False,
1811,COLS,LWPOLYLINE,rect,4,True,1.0,624.0,110.0,0.6481,42.07,27.65,16.0,39.0,16x39,16x39,False,
1812,COLS,LWPOLYLINE,rect,4,True,1.0,624.0,110.0,0.6481,42.07,27.65,16.0,39.0,16x39,16x39,False,
1813,COLS,LWPOLYLINE,rect,4,True,1.0,648.0,108.0,0.6981,39.87,28.58,18.0,36.0,18x36,18x36,False,
1814,COLS,LWPOLYLINE,rect,4,True,1.0,624.0,110.0,0.6481,16.0,39.0,16.0,39.0,16x39,16x39,False,
1815,COLS,LWPOLYLINE,rect,4,True,1.0,576.0,100.0,0.7238,18.0,32.0,18.0,32.0,18x32,18x32,False,
1816,COLS,LWPOLYLINE,rect,4,True,1.0,648.0,108.0,0.6981,18.0,36.0,18.0,36.0,18x36,18x36,False,
1817,COLS,LWPOLYLINE,rect,4,True,1.0,648.0,108.0,0.6981,18.0,36.0,18.0,36.0,18x36,18x36,False,
1818,COLS,LWPOLYLINE,rect,4,True,1.0,648.0,108.0,0.6981,18.0,36.0,18.0,36.0,18x36,18x36,False,
1819,COLS,LWPOLYLINE,rect,4,True,1.0,648.0,108.0,0.6981,18.0,36.0,18.0,36.0,18x36,18x36,False,
181A,COLS,LWPOLYLINE,rect,4,True,1.0,630.0,102.0,0.7609,30.0,21.0,21.0,30.0,21x30,21x30,False,
181B,COLS,LWPOLYLINE,rect,4,True,1.0,784.0,112.0,0.7854,28.0,28.0,28.0,28.0,28x28,28x28,False,
181C,COLS,LWPOLYLINE,rect,4,True,1.0,720.0,108.0,0.7757,24.0,30.0,24.0,30.0,24x30,24x30,False,
181D,COLS,LWPOLYLINE,rect,4,True,1.0,630.0,102.0,0.7609,30.0,21.0,21.0,30.0,21x30,21x30,False,
181E,COLS,LWPOLYLINE,rect,4,True,1.0,630.0,102.0,0.7609,30.0,21.0,21.0,30.0,21x30,21x30,False,
181F,COLS,LWPOLYLINE,rect,4,True,1.0,720.0,108.0,0.7757,30.0,24.0,24.0,30.0,24x30,24x30,False,
1820,COLS,LWPOLYLINE,rect,4,True,1.0,624.0,100.0,0.7841,24.0,26.0,24.0,26.0,24x26,24x26,False,
1821,COLS,LWPOLYLINE,rect,4,True,1.0,576.0,100.0,0.7238,32.0,18.0,18.0,32.0,18x32,18x32,False,
1822,COLS,LWPOLYLINE,rect,4,True,1.0,720.0,108.0,0.7757,24.0,30.0,24.0,30.0,24x30,24x30,False,
1823,COLS,LWPOLYLINE,rect,4,True,1.0,720.0,116.0,0.6724,40.0,18.0,18.0,40.0,18x40,18x40,False,
1824,COLS,LWPOLYLINE,rect,4,True,1.0,624.0,100.0,0.7841,32.32,31.06,24.0,26.0,24x26,24x26,False,
1825,COLS,LWPOLYLINE,rect,4,True,1.0,624.0,100.0,0.7841,24.0,26.0,24.0,26.0,24x26,24x26,False,
1826,COLS,LWPOLYLINE,rect,4,True,1.0,624.0,100.0,0.7841,24.0,26.0,24.0,26.0,24x26,24x26,False,
1827,COLS,LWPOLYLINE,rect,4,True,1.0,576.0,96.0,0.7854,24.0,24.0,24.0,24.0,24x24,24x24,False,
1828,COLS,LWPOLYLINE,rect,4,True,1.0,648.0,108.0,0.6981,36.0,18.0,18.0,36.0,18x36,18x36,False,
1829,COLS,LWPOLYLINE,rect,4,True,1.0,336.0,76.0,0.731,24.0,14.0,14.0,24.0,14x24,14x24,False,
182A,COLS,LWPOLYLINE,rect,4,True,1.0,624.0,100.0,0.7841,24.0,26.0,24.0,26.0,24x26,24x26,False,
182B,COLS,LWPOLYLINE,rect,4,True,1.0,336.0,76.0,0.731,20.95,27.22,14.0,24.0,14x24,14x24,False,
182C,COLS,LWPOLYLINE,rect,4,True,1.0,648.0,108.0,0.6981,36.0,18.0,18.0,36.0,18x36,18x36,False,
182D,COLS,LWPOLYLINE,rect,4,True,1.0,648.0,108.0,0.6981,36.0,18.0,18.0,36.0,18x36,18x36,False,
182E,COLS,LWPOLYLINE,rect,4,True,1.0,648.0,108.0,0.6981,36.0,18.0,18.0,36.0,18x36,18x36,False,
182F,COLS,LWPOLYLINE,rect,4,True,1.0,648.0,108.0,0.6981,36.0,18.0,18.0,36.0,18x36,18x36,False,
1830,COLS,LWPOLYLINE,rect,4,True,1.0,648.0,108.0,0.6981,36.0,18.0,18.0,36.0,18x36,18x36,False,
1831,COLS,LWPOLYLINE,rect,4,True,1.0,512.0,96.0,0.6981,35.44,25.41,16.0,32.0,16x32,16x32,False,
1832,COLS,LWPOLYLINE,rect,4,True,1.0,624.0,110.0,0.6481,42.07,27.65,16.0,39.0,16x39,16x39,False,
1833,COLS,LWPOLYLINE,rect,4,True,1.0,816.0,116.0,0.7621,39.9,33.62,24.0,34.0,24x34,24x34,False,
1834,COLS,LWPOLYLINE,rect,4,True,1.0,720.0,108.0,0.7757,32.34,36.11,24.0,30.0,24x30,24x30,False,
1835,COLS,LWPOLYLINE,rect,4,True,1.0,336.0,74.0,0.7711,25.02,21.88,16.0,21.0,16x21,16x21,False,
1836,COLS,LWPOLYLINE,rect,4,True,1.0,630.0,102.0,0.7609,29.5,35.15,21.0,30.0,21x30,21x30,False,
1837,COLS,LWPOLYLINE,rect,4,True,1.0,624.0,100.0,0.7841,31.06,32.32,24.0,26.0,24x26,24x26,False,
1838,COLS,LWPOLYLINE,rect,4,True,1.0,630.0,102.0,0.7609,29.5,35.15,21.0,30.0,21x30,21x30,False,
1839,COLS,LWPOLYLINE,rect,4,True,1.0,624.0,100.0,0.7841,24.0,26.0,24.0,26.0,24x26,24x26,False,
183A,COLS,LWPOLYLINE,rect,4,True,1.0,624.0,110.0,0.6481,42.07,27.65,16.0,39.0,16x39,16x39,False,
183B,COLS,LWPOLYLINE,rect,4,True,1.0,624.0,110.0,0.6481,42.07,27.65,16.0,39.0,16x39,16x39,False,
183C,COLS,LWPOLYLINE,rect,4,True,1.0,648.0,108.0,0.6981,39.87,28.58,18.0,36.0,18x36,18x36,False,
183D,COLS,LWPOLYLINE,rect,4,True,1.0,624.0,110.0,0.6481,16.0,39.0,16.0,39.0,16x39,16x39,False,
183E,COLS,LWPOLYLINE,rect,4,True,1.0,576.0,100.0,0.7238,18.0,32.0,18.0,32.0,18x32,18x32,False,
1840,COLS,LWPOLYLINE,rect,4,True,1.0,648.0,108.0,0.6981,18.0,36.0,18.0,36.0,18x36,18x36,False,
1843,COLS,LWPOLYLINE,rect,4,True,1.0,630.0,102.0,0.7609,30.0,21.0,21.0,30.0,21x30,21x30,False,
1844,COLS,LWPOLYLINE,rect,4,True,1.0,336.0,74.0,0.7711,21.0,16.0,16.0,21.0,16x21,16x21,False,
1845,COLS,LWPOLYLINE,rect,4,True,1.0,784.0,112.0,0.7854,28.0,28.0,28.0,28.0,28x28,28x28,False,
1846,COLS,LWPOLYLINE,rect,4,True,1.0,720.0,108.0,0.7757,24.0,30.0,24.0,30.0,24x30,24x30,False,
1847,COLS,LWPOLYLINE,rect,4,True,1.0,630.0,102.0,0.7609,30.0,21.0,21.0,30.0,21x30,21x30,False,
1848,COLS,LWPOLYLINE,rect,4,True,1.0,630.0,102.0,0.7609,30.0,21.0,21.0,30.0,21x30,21x30,False,
1849,COLS,LWPOLYLINE,rect,4,True,1.0,624.0,100.0,0.7841,24.0,26.0,24.0,26.0,24x26,24x26,False,
184A,COLS,LWPOLYLINE,rect,4,True,1.0,720.0,108.0,0.7757,30.0,24.0,24.0,30.0,24x30,24x30,False,
184B,COLS,LWPOLYLINE,rect,4,True,1.0,624.0,100.0,0.7841,24.0,26.0,24.0,26.0,24x26,24x26,False,
184C,COLS,LWPOLYLINE,rect,4,True,1.0,576.0,100.0,0.7238,32.0,18.0,18.0,32.0,18x32,18x32,False,
184D,COLS,LWPOLYLINE,rect,4,True,1.0,720.0,108.0,0.7757,24.0,30.0,24.0,30.0,24x30,24x30,False,
184E,COLS,LWPOLYLINE,rect,4,True,1.0,720.0,116.0,0.6724,40.0,18.0,18.0,40.0,18x40,18x40,False,
184F,COLS,LWPOLYLINE,rect,4,True,1.0,624.0,100.0,0.7841,32.32,31.06,24.0,26.0,24x26,24x26,False,
1850,COLS,LWPOLYLINE,rect,4,True,1.0,624.0,100.0,0.7841,24.0,26.0,24.0,26.0,24x26,24x26,False,
1851,COLS,LWPOLYLINE,rect,4,True,1.0,624.0,100.0,0.7841,24.0,26.0,24.0,26.0,24x26,24x26,False,
1852,COLS,LWPOLYLINE,rect,4,True,1.0,576.0,96.0,0.7854,24.0,24.0,24.0,24.0,24x24,24x24,False,
1853,COLS,LWPOLYLINE,rect,4,True,1.0,648.0,108.0,0.6981,36.0,18.0,18.0,36.0,18x36,18x36,False,
1854,COLS,LWPOLYLINE,rect,4,True,1.0,320.0,72.0,0.7757,20.0,16.0,16.0,20.0,16x20,16x20,False,
1855,COLS,LWPOLYLINE,rect,4,True,1.0,624.0,100.0,0.7841,24.0,26.0,24.0,26.0,24x26,24x26,False,
1856,COLS,LWPOLYLINE,rect,4,True,1.0,816.0,116.0,0.7621,39.9,33.62,24.0,34.0,24x34,24x34,False,
1857,COLS,LWPOLYLINE,rect,4,True,1.0,648.0,108.0,0.6981,36.0,18.0,18.0,36.0,18x36,18x36,False,
1858,COLS,LWPOLYLINE,rect,4,True,1.0,648.0,108.0,0.6981,36.0,18.0,18.0,36.0,18x36,18x36,False,
1859,COLS,LWPOLYLINE,rect,4,True,1.0,648.0,108.0,0.6981,36.0,18.0,18.0,36.0,18x36,18x36,False,
185A,COLS,LWPOLYLINE,rect,4,True,1.0,648.0,108.0,0.6981,36.0,18.0,18.0,36.0,18x36,18x36,False,
185B,COLS,LWPOLYLINE,rect,4,True,1.0,648.0,108.0,0.6981,36.0,18.0,18.0,36.0,18x36,18x36,False,
185C,COLS,LWPOLYLINE,rect,4,True,1.0,648.0,108.0,0.6981,36.0,18.0,18.0,36.0,18x36,18x36,False,
185D,COLS,LWPOLYLINE,rect,4,True,1.0,512.0,96.0,0.6981,35.44,25.41,16.0,32.0,16x32,16x32,False,
185E,COLS,LWPOLYLINE,rect,4,True,1.0,624.0,110.0,0.6481,42.07,27.65,16.0,39.0,16x39,16x39,False,
185F,COLS,LWPOLYLINE,rect,4,True,1.0,720.0,108.0,0.7757,32.34,36.11,24.0,30.0,24x30,24x30,False,
1860,COLS,LWPOLYLINE,rect,4,True,1.0,624.0,100.0,0.7841,31.06,32.32,24.0,26.0,24x26,24x26,False,
1861,COLS,LWPOLYLINE,rect,4,True,1.0,624.0,100.0,0.7841,24.0,26.0,24.0,26.0,24x26,24x26,False,
1862,COLS,LWPOLYLINE,rect,4,True,1.0,624.0,110.0,0.6481,42.07,27.65,16.0,39.0,16x39,16x39,False,
1863,COLS,LWPOLYLINE,rect,4,True,1.0,624.0,110.0,0.6481,42.07,27.65,16.0,39.0,16x39,16x39,False,
1864,COLS,LWPOLYLINE,rect,4,True,1.0,648.0,108.0,0.6981,39.87,28.58,18.0,36.0,18x36,18x36,False,
1865,COLS,LWPOLYLINE,rect,4,True,1.0,624.0,110.0,0.6481,16.0,39.0,16.0,39.0,16x39,16x39,False,
1866,COLS,LWPOLYLINE,rect,4,True,1.0,576.0,100.0,0.7238,18.0,32.0,18.0,32.0,18x32,18x32,False,
1867,COLS,LWPOLYLINE,rect,4,True,1.0,784.0,112.0,0.7854,28.0,28.0,28.0,28.0,28x28,28x28,False,
1868,COLS,LWPOLYLINE,rect,4,True,1.0,630.0,102.0,0.7609,30.0,21.0,21.0,30.0,21x30,21x30,False,
1869,COLS,LWPOLYLINE,rect,4,True,1.0,624.0,100.0,0.7841,24.0,26.0,24.0,26.0,24x26,24x26,False,
186A,COLS,LWPOLYLINE,rect,4,True,1.0,720.0,108.0,0.7757,30.0,24.0,24.0,30.0,24x30,24x30,False,
186B,COLS,LWPOLYLINE,rect,4,True,1.0,624.0,100.0,0.7841,24.0,26.0,24.0,26.0,24x26,24x26,False,
186C,COLS,LWPOLYLINE,rect,4,True,1.0,624.0,100.0,0.7841,32.32,31.06,24.0,26.0,24x26,24x26,False,
186D,COLS,LWPOLYLINE,rect,4,True,1.0,624.0,100.0,0.7841,24.0,26.0,24.0,26.0,24x26,24x26,False,
186E,COLS,LWPOLYLINE,rect,4,True,1.0,624.0,100.0,0.7841,24.0,26.0,24.0,26.0,24x26,24x26,False,
186F,COLS,LWPOLYLINE,rect,4,True,1.0,576.0,96.0,0.7854,24.0,24.0,24.0,24.0,24x24,24x24,False,
1870,COLS,LWPOLYLINE,rect,4,True,1.0,528.0,92.0,0.7839,22.0,24.0,22.0,24.0,22x24,22x24,False,
1871,COLS,LWPOLYLINE,rect,4,True,1.0,648.0,108.0,0.6981,36.0,18.0,18.0,36.0,18x36,18x36,False,
1872,COLS,LWPOLYLINE,rect,4,True,1.0,648.0,108.0,0.6981,36.0,18.0,18.0,36.0,18x36,18x36,False,
1873,COLS,LWPOLYLINE,rect,4,True,1.0,336.0,74.0,0.7711,25.02,21.88,16.0,21.0,16x21,16x21,False,
1874,COLS,LWPOLYLINE,rect,4,True,1.0,528.0,92.0,0.7839,28.53,29.78,22.0,24.0,22x24,22x24,False,
1875,COLS,LWPOLYLINE,rect,4,True,1.0,528.0,92.0,0.7839,28.53,29.78,22.0,24.0,22x24,22x24,False,
1876,COLS,LWPOLYLINE,rect,4,True,1.0,528.0,92.0,0.7839,24.0,22.0,22.0,24.0,22x24,22x24,False,
1877,COLS,LWPOLYLINE,rect,4,True,1.0,648.0,108.0,0.6981,18.0,36.0,18.0,36.0,18x36,18x36,False,
1878,COLS,LWPOLYLINE,rect,4,True,1.0,648.0,108.0,0.6981,18.0,36.0,18.0,36.0,18x36,18x36,False,
1879,COLS,LWPOLYLINE,rect,4,True,1.0,648.0,108.0,0.6981,18.0,36.0,18.0,36.0,18x36,18x36,False,
187A,COLS,LWPOLYLINE,rect,4,True,1.0,648.0,108.0,0.6981,18.0,36.0,18.0,36.0,18x36,18x36,False,
187B,COLS,LWPOLYLINE,rect,4,True,1.0,528.0,92.0,0.7839,24.0,22.0,22.0,24.0,22x24,22x24,False,
187C,COLS,LWPOLYLINE,rect,4,True,1.0,336.0,74.0,0.7711,21.0,16.0,16.0,21.0,16x21,16x21,False,
187D,COLS,LWPOLYLINE,rect,4,True,1.0,624.0,100.0,0.7841,26.0,24.0,24.0,26.0,24x26,24x26,False,
187E,COLS,LWPOLYLINE,rect,4,True,1.0,630.0,102.0,0.7609,30.0,21.0,21.0,30.0,21x30,21x30,False,
187F,COLS,LWPOLYLINE,rect,4,True,1.0,630.0,102.0,0.7609,30.0,21.0,21.0,30.0,21x30,21x30,False,
1880,COLS,LWPOLYLINE,rect,4,True,1.0,720.0,108.0,0.7757,30.0,24.0,24.0,30.0,24x30,24x30,False,
1881,COLS,LWPOLYLINE,rect,4,True,1.0,624.0,100.0,0.7841,24.0,26.0,24.0,26.0,24x26,24x26,False,
1882,COLS,LWPOLYLINE,rect,4,True,1.0,720.0,116.0,0.6724,40.0,18.0,18.0,40.0,18x40,18x40,False,
1883,COLS,LWPOLYLINE,rect,4,True,1.0,320.0,72.0,0.7757,20.0,16.0,16.0,20.0,16x20,16x20,False,
1884,COLS,LWPOLYLINE,rect,4,True,1.0,624.0,100.0,0.7841,24.0,26.0,24.0,26.0,24x26,24x26,False,
1885,COLS,LWPOLYLINE,rect,4,True,1.0,512.0,96.0,0.6981,25.41,35.44,16.0,32.0,16x32,16x32,False,
1886,COLS,LWPOLYLINE,rect,4,True,1.0,624.0,110.0,0.6481,42.07,27.65,16.0,39.0,16x39,16x39,False,
1887,COLS,LWPOLYLINE,rect,4,True,1.0,576.0,96.0,0.7854,24.0,24.0,24.0,24.0,24x24,24x24,False,
1888,COLS,LWPOLYLINE,rect,4,True,1.0,576.0,96.0,0.7854,30.42,30.42,24.0,24.0,24x24,24x24,False,
1889,COLS,LWPOLYLINE,rect,4,True,1.0,624.0,100.0,0.7841,32.32,31.06,24.0,26.0,24x26,24x26,False,
188A,COLS,LWPOLYLINE,rect,4,True,1.0,512.0,96.0,0.6981,35.44,25.41,16.0,32.0,16x32,16x32,False,
188B,COLS,LWPOLYLINE,rect,4,True,1.0,864.0,120.0,0.754,34.27,41.79,24.0,36.0,24x36,24x36,False,
188C,COLS,LWPOLYLINE,rect,4,True,1.0,512.0,96.0,0.6981,25.41,35.44,16.0,32.0,16x32,16x32,False,
188D,COLS,LWPOLYLINE,rect,4,True,1.0,512.0,96.0,0.6981,35.44,25.41,16.0,32.0,16x32,16x32,False,
188E,COLS,LWPOLYLINE,rect,4,True,1.0,624.0,110.0,0.6481,42.07,27.65,16.0,39.0,16x39,16x39,False,
188F,COLS,LWPOLYLINE,rect,4,True,1.0,648.0,108.0,0.6981,28.58,39.87,18.0,36.0,18x36,18x36,False,
1890,COLS,LWPOLYLINE,rect,4,True,1.0,528.0,92.0,0.7839,28.53,29.78,22.0,24.0,22x24,22x24,False,
1891,COLS,LWPOLYLINE,rect,4,True,1.0,540.0,96.0,0.7363,26.66,34.18,18.0,30.0,18x30,18x30,False,
1892,COLS,LWPOLYLINE,rect,4,True,1.0,540.0,96.0,0.7363,26.66,34.18,18.0,30.0,18x30,18x30,False,
1893,COLS,LWPOLYLINE,rect,4,True,1.0,540.0,96.0,0.7363,26.66,34.18,18.0,30.0,18x30,18x30,False,
1894,COLS,LWPOLYLINE,rect,4,True,1.0,528.0,92.0,0.7839,28.53,29.78,22.0,24.0,22x24,22x24,False,
1895,COLS,LWPOLYLINE,rect,4,True,1.0,528.0,92.0,0.7839,28.53,29.78,22.0,24.0,22x24,22x24,False,
1896,COLS,LWPOLYLINE,rect,4,True,1.0,528.0,92.0,0.7839,28.53,29.78,22.0,24.0,22x24,22x24,False,
1897,COLS,LWPOLYLINE,rect,4,True,1.0,528.0,92.0,0.7839,24.0,22.0,22.0,24.0,22x24,22x24,False,
1898,COLS,LWPOLYLINE,rect,4,True,1.0,540.0,96.0,0.7363,26.66,34.18,18.0,30.0,18x30,18x30,False,
1899,COLS,LWPOLYLINE,rect,4,True,1.0,540.0,96.0,0.7363,26.66,34.18,18.0,30.0,18x30,18x30,False,
189A,COLS,LWPOLYLINE,rect,4,True,1.0,540.0,96.0,0.7363,26.66,34.18,18.0,30.0,18x30,18x30,False,
189B,COLS,LWPOLYLINE,rect,4,True,1.0,540.0,96.0,0.7363,26.66,34.18,18.0,30.0,18x30,18x30,False,
189C,COLS,LWPOLYLINE,rect,4,True,1.0,512.0,96.0,0.6981,35.44,25.41,16.0,32.0,16x32,16x32,False,
189D,COLS,LWPOLYLINE,rect,4,True,1.0,624.0,110.0,0.6481,42.07,27.65,16.0,39.0,16x39,16x39,False,
189E,COLS,LWPOLYLINE,rect,4,True,1.0,648.0,108.0,0.6981,28.58,39.87,18.0,36.0,18x36,18x36,False,
18A0,COLS,LWPOLYLINE,rect,4,True,1.0,720.0,108.0,0.7757,32.34,36.11,24.0,30.0,24x30,24x30,False,
18A1,COLS,LWPOLYLINE,rect,4,True,1.0,528.0,92.0,0.7839,28.53,29.78,22.0,24.0,22x24,22x24,False,
18A2,COLS,LWPOLYLINE,rect,4,True,1.0,528.0,92.0,0.7839,28.53,29.78,22.0,24.0,22x24,22x24,False,
18A3,COLS,LWPOLYLINE,rect,4,True,1.0,528.0,92.0,0.7839,24.0,22.0,22.0,24.0,22x24,22x24,False,
18A4,COLS,LWPOLYLINE,rect,4,True,1.0,540.0,96.0,0.7363,26.66,34.18,18.0,30.0,18x30,18x30,False,
18A5,COLS,LWPOLYLINE,rect,4,True,1.0,540.0,96.0,0.7363,26.66,34.18,18.0,30.0,18x30,18x30,False,
18A6,COLS,LWPOLYLINE,rect,4,True,1.0,540.0,96.0,0.7363,26.66,34.18,18.0,30.0,18x30,18x30,False,
18A7,COLS,LWPOLYLINE,rect,4,True,1.0,540.0,96.0,0.7363,26.66,34.18,18.0,30.0,18x30,18x30,False,
18A8,COLS,LWPOLYLINE,rect,4,True,1.0,512.0,96.0,0.6981,35.44,25.41,16.0,32.0,16x32,16x32,False,
18A9,COLS,LWPOLYLINE,rect,4,True,1.0,624.0,110.0,0.6481,42.07,27.65,16.0,39.0,16x39,16x39,False,
18AA,COLS,LWPOLYLINE,rect,4,True,1.0,648.0,108.0,0.6981,28.58,39.87,18.0,36.0,18x36,18x36,False,
18AB,COLS,LWPOLYLINE,rect,4,True,1.0,512.0,96.0,0.6981,25.41,35.44,16.0,32.0,16x32,16x32,False,
18AC,COLS,LWPOLYLINE,rect,4,True,1.0,720.0,108.0,0.7757,32.34,36.11,24.0,30.0,24x30,24x30,False,
18AD,COLS,LWPOLYLINE,rect,4,True,1.0,384.0,80.0,0.754,22.84,27.86,16.0,24.0,16x24,16x24,False,
18AE,COLS,LWPOLYLINE,rect,4,True,1.0,384.0,80.0,0.754,22.84,27.86,16.0,24.0,16x24,16x24,False,
18AF,COLS,LWPOLYLINE,rect,4,True,1.0,384.0,80.0,0.754,22.84,27.86,16.0,24.0,16x24,16x24,False,
18B0,COLS,LWPOLYLINE,rect,4,True,1.0,384.0,80.0,0.754,22.84,27.86,16.0,24.0,16x24,16x24,False,
18B1,COLS,LWPOLYLINE,rect,4,True,1.0,384.0,80.0,0.754,22.84,27.86,16.0,24.0,16x24,16x24,False,
18B2,COLS,LWPOLYLINE,rect,4,True,1.0,384.0,80.0,0.754,22.84,27.86,16.0,24.0,16x24,16x24,False,
18B3,COLS,LWPOLYLINE,rect,4,True,1.0,512.0,96.0,0.6981,35.44,25.41,16.0,32.0,16x32,16x32,False,
18B4,COLS,LWPOLYLINE,rect,4,True,1.0,384.0,80.0,0.754,27.86,22.84,16.0,24.0,16x24,16x24,False,
18B5,COLS,LWPOLYLINE,rect,4,True,1.0,528.0,92.0,0.7839,29.78,28.53,22.0,24.0,22x24,22x24,False,
18B6,COLS,LWPOLYLINE,rect,4,True,1.0,528.0,92.0,0.7839,29.78,28.53,22.0,24.0,22x24,22x24,False,
18B7,COLS,LWPOLYLINE,rect,4,True,1.0,624.0,110.0,0.6481,42.07,27.65,16.0,39.0,16x39,16x39,False,
18B8,COLS,LWPOLYLINE,rect,4,True,1.0,648.0,108.0,0.6981,28.58,39.87,18.0,36.0,18x36,18x36,False,
18B9,COLS,LWPOLYLINE,rect,4,True,1.0,384.0,80.0,0.754,27.86,22.84,16.0,24.0,16x24,16x24,False,
18BA,COLS,LWPOLYLINE,rect,4,True,1.0,384.0,80.0,0.754,24.0,16.0,16.0,24.0,16x24,16x24,False,
18BB,COLS,LWPOLYLINE,rect,4,True,1.0,384.0,80.0,0.754,22.84,27.86,16.0,24.0,16x24,16x24,False,
18BC,COLS,LWPOLYLINE,rect,4,True,1.0,384.0,80.0,0.754,22.84,27.86,16.0,24.0,16x24,16x24,False,
18BD,COLS,LWPOLYLINE,rect,4,True,1.0,384.0,80.0,0.754,22.84,27.86,16.0,24.0,16x24,16x24,False,
18BE,COLS,LWPOLYLINE,rect,4,True,1.0,384.0,80.0,0.754,22.84,27.86,16.0,24.0,16x24,16x24,False,
18BF,COLS,LWPOLYLINE,rect,4,True,1.0,384.0,80.0,0.754,22.84,27.86,16.0,24.0,16x24,16x24,False,
18C0,COLS,LWPOLYLINE,rect,4,True,1.0,384.0,80.0,0.754,22.84,27.86,16.0,24.0,16x24,16x24,False,
18C1,COLS,LWPOLYLINE,rect,4,True,1.0,384.0,80.0,0.754,22.84,27.86,16.0,24.0,16x24,16x24,False,
18C2,COLS,LWPOLYLINE,rect,4,True,1.0,384.0,80.0,0.754,22.84,27.86,16.0,24.0,16x24,16x24,False,
18C3,COLS,LWPOLYLINE,rect,4,True,1.0,384.0,80.0,0.754,22.84,27.86,16.0,24.0,16x24,16x24,False,
18C4,COLS,LWPOLYLINE,rect,4,True,1.0,336.0,76.0,0.731,20.95,27.22,14.0,24.0,14x24,14x24,False,
18C5,COLS,LWPOLYLINE,rect,4,True,1.0,576.0,96.0,0.7854,30.42,30.42,24.0,24.0,24x24,24x24,False,
18C6,COLS,LWPOLYLINE,rect,4,True,1.0,528.0,92.0,0.7839,29.78,28.53,22.0,24.0,22x24,22x24,False,
18C7,COLS,LWPOLYLINE,rect,4,True,1.0,648.0,108.0,0.6981,28.58,39.87,18.0,36.0,18x36,18x36,False,
18C8,COLS,LWPOLYLINE,rect,4,True,1.0,384.0,80.0,0.754,24.0,16.0,16.0,24.0,16x24,16x24,False,
18C9,COLS,LWPOLYLINE,rect,4,True,1.0,384.0,80.0,0.754,22.84,27.86,16.0,24.0,16x24,16x24,False,
18CA,COLS,LWPOLYLINE,rect,4,True,1.0,384.0,80.0,0.754,22.84,27.86,16.0,24.0,16x24,16x24,False,
18CB,COLS,LWPOLYLINE,rect,4,True,1.0,384.0,80.0,0.754,22.84,27.86,16.0,24.0,16x24,16x24,False,
18CC,COLS,LWPOLYLINE,rect,4,True,1.0,384.0,80.0,0.754,22.84,27.86,16.0,24.0,16x24,16x24,False,
18CD,COLS,LWPOLYLINE,rect,4,True,1.0,384.0,80.0,0.754,22.84,27.86,16.0,24.0,16x24,16x24,False,
18CE,COLS,LWPOLYLINE,rect,4,True,1.0,384.0,80.0,0.754,22.84,27.86,16.0,24.0,16x24,16x24,False,
18CF,COLS,LWPOLYLINE,rect,4,True,1.0,384.0,80.0,0.754,22.84,27.86,16.0,24.0,16x24,16x24,False,
18D0,COLS,LWPOLYLINE,rect,4,True,1.0,384.0,80.0,0.754,22.84,27.86,16.0,24.0,16x24,16x24,False,
18D1,COLS,LWPOLYLINE,rect,4,True,1.0,336.0,76.0,0.731,20.95,27.22,14.0,24.0,14x24,14x24,False,
18D2,COLS,LWPOLYLINE,rect,4,True,1.0,576.0,96.0,0.7854,30.42,30.42,24.0,24.0,24x24,24x24,False,
18D3,COLS,LWPOLYLINE,rect,4,True,1.0,528.0,92.0,0.7839,29.78,28.53,22.0,24.0,22x24,22x24,False,
18D4,COLS,LWPOLYLINE,rect,4,True,1.0,648.0,108.0,0.6981,28.58,39.87,18.0,36.0,18x36,18x36,False,
18D5,COLS,LWPOLYLINE,rect,4,True,1.0,576.0,96.0,0.7854,30.42,30.42,24.0,24.0,24x24,24x24,False,
18D6,COLS,LWPOLYLINE,rect,4,True,1.0,384.0,80.0,0.754,24.0,16.0,16.0,24.0,16x24,16x24,False,
18D7,COLS,LWPOLYLINE,rect,4,True,1.0,384.0,80.0,0.754,22.84,27.86,16.0,24.0,16x24,16x24,False,
18D8,COLS,LWPOLYLINE,rect,4,True,1.0,384.0,80.0,0.754,22.84,27.86,16.0,24.0,16x24,16x24,False,
18D9,COLS,LWPOLYLINE,rect,4,True,1.0,384.0,80.0,0.754,22.84,27.86,16.0,24.0,16x24,16x24,False,
18DA,COLS,LWPOLYLINE,rect,4,True,1.0,384.0,80.0,0.754,22.84,27.86,16.0,24.0,16x24,16x24,False,
18DB,COLS,LWPOLYLINE,rect,4,True,1.0,384.0,80.0,0.754,22.84,27.86,16.0,24.0,16x24,16x24,False,
18DC,COLS,LWPOLYLINE,rect,4,True,1.0,384.0,80.0,0.754,22.84,27.86,16.0,24.0,16x24,16x24,False,
18DD,COLS,LWPOLYLINE,rect,4,True,1.0,384.0,80.0,0.754,22.84,27.86,16.0,24.0,16x24,16x24,False,
18DE,COLS,LWPOLYLINE,rect,4,True,1.0,384.0,80.0,0.754,22.84,27.86,16.0,24.0,16x24,16x24,False,
18DF,COLS,LWPOLYLINE,rect,4,True,1.0,336.0,76.0,0.731,20.95,27.22,14.0,24.0,14x24,14x24,False,
18E0,COLS,LWPOLYLINE,rect,4,True,1.0,576.0,96.0,0.7854,30.42,30.42,24.0,24.0,24x24,24x24,False,
18E1,COLS,LWPOLYLINE,rect,4,True,1.0,528.0,92.0,0.7839,29.78,28.53,22.0,24.0,22x24,22x24,False,
18E2,COLS,LWPOLYLINE,rect,4,True,1.0,648.0,108.0,0.6981,28.58,39.87,18.0,36.0,18x36,18x36,False,
18E3,COLS,LWPOLYLINE,rect,4,True,1.0,576.0,96.0,0.7854,30.42,30.42,24.0,24.0,24x24,24x24,False,
18E4,COLS,LWPOLYLINE,rect,4,True,1.0,512.0,90.51,0.7854,32.0,32.0,22.63,22.63,23x23,23x23,False,
18E5,COLS,LWPOLYLINE,rect,4,True,1.0,722.0,107.48,0.7854,38.0,38.0,26.87,26.87,27x27,27x27,False,
18E6,COLS,LWPOLYLINE,rect,4,True,1.0,450.0,84.85,0.7854,30.0,30.0,21.21,21.21,21x21,21x21,False,
18E7,COLS,LWPOLYLINE,rect,4,True,1.0,450.0,84.85,0.7854,30.0,30.0,21.21,21.21,21x21,21x21,False,
18E8,COLS,LWPOLYLINE,rect,4,True,1.0,450.0,84.85,0.7854,30.0,30.0,21.21,21.21,21x21,21x21,False,
18E9,COLS,LWPOLYLINE,rect,4,True,1.0,450.0,84.85,0.7854,30.0,30.0,21.21,21.21,21x21,21x21,False,
18EA,COLS,LWPOLYLINE,rect,4,True,1.0,512.0,90.51,0.7854,32.0,32.0,22.63,22.63,23x23,23x23,False,
18EB,COLS,LWPOLYLINE,rect,4,True,1.0,450.0,84.85,0.7854,30.0,30.0,21.21,21.21,21x21,21x21,False,
18EC,COLS,LWPOLYLINE,rect,4,True,1.0,512.0,90.51,0.7854,32.0,32.0,22.63,22.63,23x23,23x23,False,
18ED,COLS,LWPOLYLINE,rect,4,True,1.0,512.0,90.51,0.7854,32.0,32.0,22.63,22.63,23x23,23x23,False,
1913,COLS,LWPOLYLINE,rect,4,True,1.0,512.0,90.51,0.7854,32.0,32.0,22.63,22.63,23x23,23x23,False,
1914,COLS,LWPOLYLINE,rect,4,True,1.0,512.0,90.51,0.7854,32.0,32.0,22.63,22.63,23x23,23x23,False,
1915,COLS,LWPOLYLINE,rect,4,True,1.0,512.0,90.51,0.7854,32.0,32.0,22.63,22.63,23x23,23x23,False,
1916,COLS,LWPOLYLINE,rect,4,True,1.0,512.0,90.51,0.7854,32.0,32.0,22.63,22.63,23x23,23x23,False,
1918,COLS,LWPOLYLINE,rect,4,True,1.0,200.0,56.57,0.7854,20.0,20.0,14.14,14.14,14x14,14x14,False,
1919,COLS,LWPOLYLINE,rect,4,True,1.0,200.0,56.57,0.7854,20.0,20.0,14.14,14.14,14x14,14x14,False,
191A,COLS,LWPOLYLINE,rect,4,True,1.0,512.0,90.51,0.7854,32.0,32.0,22.63,22.63,23x23,23x23,False,
191B,COLS,LWPOLYLINE,rect,4,True,1.0,512.0,90.51,0.7854,32.0,32.0,22.63,22.63,23x23,23x23,False,
191C,COLS,LWPOLYLINE,rect,4,True,1.0,512.0,90.51,0.7854,32.0,32.0,22.63,22.63,23x23,23x23,False,
191D,COLS,LWPOLYLINE,rect,4,True,1.0,200.0,56.57,0.7854,20.0,20.0,14.14,14.14,14x14,14x14,False,
191E,COLS,LWPOLYLINE,rect,4,True,1.0,200.0,56.57,0.7854,20.0,20.0,14.14,14.14,14x14,14x14,False,
191F,COLS,LWPOLYLINE,rect,4,True,1.0,200.0,56.57,0.7854,20.0,20.0,14.14,14.14,14x14,14x14,False,
1920,COLS,LWPOLYLINE,rect,4,True,1.0,200.0,56.57,0.7854,20.0,20.0,14.14,14.14,14x14,14x14,False,
1921,COLS,LWPOLYLINE,rect,4,True,1.0,200.0,56.57,0.7854,20.0,20.0,14.14,14.14,14x14,14x14,False,
1922,COLS,LWPOLYLINE,rect,4,True,1.0,200.0,56.57,0.7854,20.0,20.0,14.14,14.14,14x14,14x14,False,
1923,COLS,LWPOLYLINE,rect,4,True,1.0,200.0,56.57,0.7854,20.0,20.0,14.14,14.14,14x14,14x14,False,
1924,COLS,LWPOLYLINE,rect,4,True,1.0,200.0,56.57,0.7854,20.0,20.0,14.14,14.14,14x14,14x14,False,
1925,COLS,LWPOLYLINE,rect,4,True,1.0,200.0,56.57,0.7854,20.0,20.0,14.14,14.14,14x14,14x14,False,
1926,COLS,LWPOLYLINE,rect,4,True,1.0,200.0,56.57,0.7854,20.0,20.0,14.14,14.14,14x14,14x14,False,
1927,COLS,LWPOLYLINE,rect,4,True,1.0,200.0,56.57,0.7854,20.0,20.0,14.14,14.14,14x14,14x14,False,
1928,COLS,LWPOLYLINE,rect,4,True,1.0,200.0,56.57,0.7854,20.0,20.0,14.14,14.14,14x14,14x14,False,
1929,COLS,LWPOLYLINE,rect,4,True,1.0,200.0,56.57,0.7854,20.0,20.0,14.14,14.14,14x14,14x14,False,
192A,COLS,LWPOLYLINE,rect,4,True,1.0,200.0,56.57,0.7854,20.0,20.0,14.14,14.14,14x14,14x14,False,
192B,COLS,LWPOLYLINE,rect,4,True,1.0,200.0,56.57,0.7854,20.0,20.0,14.14,14.14,14x14,14x14,False,
192C,COLS,LWPOLYLINE,rect,4,True,1.0,200.0,56.57,0.7854,20.0,20.0,14.14,14.14,14x14,14x14,False,
192D,COLS,LWPOLYLINE,rect,4,True,1.0,200.0,56.57,0.7854,20.0,20.0,14.14,14.14,14x14,14x14,False,
192E,COLS,LWPOLYLINE,rect,4,True,1.0,200.0,56.57,0.7854,20.0,20.0,14.14,14.14,14x14,14x14,False,
192F,COLS,LWPOLYLINE,rect,4,True,1.0,200.0,56.57,0.7854,20.0,20.0,14.14,14.14,14x14,14x14,False,
1930,COLS,LWPOLYLINE,rect,4,True,1.0,288.0,67.88,0.7854,24.0,24.0,16.97,16.97,17x17,17x17,False,
1931,COLS,LWPOLYLINE,rect,4,True,1.0,338.0,73.54,0.7854,26.0,26.0,18.38,18.38,18x18,18x18,False,
1932,COLS,LWPOLYLINE,rect,4,True,1.0,200.0,56.57,0.7854,20.0,20.0,14.14,14.14,14x14,14x14,False,
1933,COLS,LWPOLYLINE,rect,4,True,1.0,200.0,56.57,0.7854,20.0,20.0,14.14,14.14,14x14,14x14,False,
1934,COLS,LWPOLYLINE,rect,4,True,1.0,288.0,67.88,0.7854,24.0,24.0,16.97,16.97,17x17,17x17,False,
1935,COLS,LWPOLYLINE,rect,4,True,1.0,338.0,73.54,0.7854,26.0,26.0,18.38,18.38,18x18,18x18,False,
1936,COLS,LWPOLYLINE,rect,4,True,1.0,288.0,67.88,0.7854,24.0,24.0,16.97,16.97,17x17,17x17,False,
1937,COLS,LWPOLYLINE,rect,4,True,1.0,200.0,56.57,0.7854,20.0,20.0,14.14,14.14,14x14,14x14,False,
1938,COLS,LWPOLYLINE,rect,4,True,1.0,288.0,67.88,0.7854,24.0,24.0,16.97,16.97,17x17,17x17,False,
1939,COLS,LWPOLYLINE,rect,4,True,1.0,338.0,73.54,0.7854,26.0,26.0,18.38,18.38,18x18,18x18,False,
193A,COLS,LWPOLYLINE,rect,4,True,1.0,624.0,100.0,0.7841,26.0,24.0,24.0,26.0,24x26,24x26,False,
1940,COLS,LWPOLYLINE,rect,4,True,1.0,648.0,108.0,0.6981,18.0,36.0,18.0,36.0,18x36,18x36,False,
1941,COLS,LWPOLYLINE,rect,4,True,1.0,648.0,108.0,0.6981,18.0,36.0,18.0,36.0,18x36,18x36,False,
1942,COLS,LWPOLYLINE,rect,4,True,1.0,648.0,108.0,0.6981,18.0,36.0,18.0,36.0,18x36,18x36,False,
1943,COLS,LWPOLYLINE,rect,4,True,1.0,648.0,108.0,0.6981,18.0,36.0,18.0,36.0,18x36,18x36,False,
1944,COLS,LWPOLYLINE,rect,4,True,1.0,624.0,100.0,0.7841,26.0,24.0,24.0,26.0,24x26,24x26,False,
1945,COLS,LWPOLYLINE,rect,4,True,1.0,648.0,108.0,0.6981,36.0,18.0,18.0,36.0,18x36,18x36,False,
1946,COLS,LWPOLYLINE,rect,4,True,1.0,648.0,108.0,0.6981,36.0,18.0,18.0,36.0,18x36,18x36,False,
1947,COLS,LWPOLYLINE,rect,4,True,1.0,648.0,108.0,0.6981,36.0,18.0,18.0,36.0,18x36,18x36,False,
1B41,COLS,LWPOLYLINE,rect,4,True,1.0,384.0,80.0,0.754,22.84,27.86,16.0,24.0,16x24,16x24,False,
1D32,COLS,LWPOLYLINE,rect,4,True,1.0,200.0,56.57,0.7854,20.0,20.0,14.14,14.14,14x14,14x14,False,
1D33,COLS,LWPOLYLINE,rect,4,True,1.0,512.0,90.51,0.7854,32.0,32.0,22.63,22.63,23x23,23x23,False,
1D86,COLS,LWPOLYLINE,rect,4,True,1.0,200.0,56.57,0.7854,20.0,20.0,14.14,14.14,14x14,14x14,False,
1D87,COLS,LWPOLYLINE,rect,4,True,1.0,624.0,100.0,0.7841,26.0,24.0,24.0,26.0,24x26,24x26,False,
1E25,COLS,CIRCLE,circle,21,True,1.0,309.49,62.6,0.9925,19.89,19.94,19.89,19.94,d20,d20,False,
1E30,COLS,CIRCLE,circle,21,True,1.0,309.49,62.6,0.9925,19.89,19.94,19.89,19.94,d20,d20,False,
1E3C,COLS,CIRCLE,circle,25,True,1.0,699.44,94.0,0.9947,29.88,29.94,29.88,29.94,d30,d30,False,
1E44,COLS,CIRCLE,circle,25,True,1.0,699.44,94.0,0.9947,29.88,29.94,29.88,29.94,d30,d30,False,
1E50,COLS,LWPOLYLINE,rect,4,True,1.0,648.0,108.0,0.6981,18.0,36.0,18.0,36.0,18x36,18x36,False,
1E58,COLS,LWPOLYLINE,rect,4,True,1.0,648.0,108.0,0.6981,18.0,36.0,18.0,36.0,18x36,18x36,False,
1E60,COLS,LWPOLYLINE,rect,4,True,1.0,648.0,108.0,0.6981,18.0,36.0,18.0,36.0,18x36,18x36,False,
1E6A,COLS,CIRCLE,circle,26,True,1.0,796.44,100.29,0.9951,32.0,31.77,31.77,32.0,d32,d32,False,
1E74,COLS,CIRCLE,circle,25,True,1.0,699.44,94.0,0.9947,29.88,29.94,29.88,29.94,d30,d30,False,
1E89,COLS,CIRCLE,circle,25,True,1.0,699.44,94.0,0.9947,29.88,29.94,29.88,29.94,d30,d30,False,
1E91,COLS,CIRCLE,circle,25,True,1.0,699.44,94.0,0.9947,29.88,29.94,29.88,29.94,d30,d30,False,
1E99,COLS,CIRCLE,circle,25,True,1.0,699.44,94.0,0.9947,29.88,29.94,29.88,29.94,d30,d30,False,
1EA1,COLS,CIRCLE,circle,25,True,1.0,699.44,94.0,0.9947,29.88,29.94,29.88,29.94,d30,d30,False,
1EA9,COLS,CIRCLE,circle,25,True,1.0,699.44,94.0,0.9947,29.88,29.94,29.88,29.94,d30,d30,False,
1EBC,COLS,CIRCLE,circle,25,True,1.0,699.44,94.0,0.9947,29.88,29.94,29.88,29.94,d30,d30,False,
1EC4,COLS,CIRCLE,circle,25,True,1.0,699.44,94.0,0.9947,29.88,29.94,29.88,29.94,d30,d30,False,
1ECC,COLS,CIRCLE,circle,25,True,1.0,699.44,94.0,0.9947,29.88,29.94,29.88,29.94,d30,d30,False,
1EE1,COLS,CIRCLE,circle,25,True,1.0,699.44,94.0,0.9947,29.88,29.94,29.88,29.94,d30,d30,False,
1EE9,COLS,CIRCLE,circle,25,True,1.0,699.44,94.0,0.9947,29.88,29.94,29.88,29.94,d30,d30,False,
1EF8,COLS,CIRCLE,circle,28,True,1.0,1124.62,119.13,0.9958,38.0,38.0,37.76,37.76,d38,d38,False,
1F09,COLS,CIRCLE,circle,25,True,1.0,699.44,94.0,0.9947,29.88,29.94,29.88,29.94,d30,d30,False,
1F15,COLS,CIRCLE,circle,26,True,1.0,796.44,100.29,0.9951,32.0,31.77,31.77,32.0,d32,d32,False,
1F1E,COLS,CIRCLE,circle,28,True,1.0,1124.62,119.13,0.9958,38.0,38.0,37.76,37.76,d38,d38,False,
1F27,COLS,CIRCLE,circle,26,True,1.0,796.44,100.29,0.9951,32.0,31.77,31.77,32.0,d32,d32,False,
1F31,COLS,CIRCLE,circle,26,True,1.0,796.44,100.29,0.9951,32.0,31.77,31.77,32.0,d32,d32,False,
1F86,COLS,CIRCLE,circle,21,True,1.0,309.49,62.6,0.9925,19.89,19.94,19.89,19.94,d20,d20,False,
1F8F,COLS,CIRCLE,circle,21,True,1.0,309.49,62.6,0.9925,19.89,19.94,19.89,19.94,d20,d20,False,
1FA0,COLS,CIRCLE,circle,21,True,1.0,309.49,62.6,0.9925,19.89,19.94,19.89,19.94,d20,d20,False,
1FB0,COLS,CIRCLE,circle,25,True,1.0,699.44,94.0,0.9947,29.88,29.94,29.88,29.94,d30,d30,False,
1FBA,COLS,CIRCLE,circle,26,True,1.0,796.44,100.29,0.9951,32.0,31.77,31.77,32.0,d32,d32,False,
1FC4,COLS,CIRCLE,circle,26,True,1.0,796.44,100.29,0.9951,32.0,31.77,31.77,32.0,d32,d32,False,
